Designator,Footprint,Quantity,Value,LCSC Part #
C101,0603,1,100nF,C14663
C102,0603,1,1uF,C15849
C103,0603,1,100nF,C14663
C104,0603,1,100nF,C14663
C105,0603,1,12pF,C38523
C106,0603,1,100nF,C14663
C107,0603,1,12pF,C38523
C108,0603,1,100nF,C14663
C201,0603,1,22uF,C59461
C202,0603,1,4.7uF,C19666
C301,0603,1,1uF,C15849
C302,0603,1,100nF,C14663
C303,0603,1,100nF,C14663
D1,D_MicroSMP_AK,1,MSS1P4,C2980309
D101,0603,1,Green,C72043
D102,0603,1,Blue,C72041
D103,0603,1,Red,C2286
F101,1206,1,Polyfuse_Small,C883131
J101,USB_Micro-B_XKB_U254-051T-4BH83-F1S,1,USB_B_Micro,C319160
"J103, J104",PinHeader_1x15_P2.54mm_Vertical,2,Conn_01x13,
R103,0603,1,10K,C25804
R104,0603,1,2K2,C4190
R105,0603,1,2K2,C4190
R106,0603,1,2K2,C4190
SW101,SW_SPST_KMR221GLFS,1,SW_Push,C72443
U101,TQFP-32_7x7mm_P0.8mm,1,ATmega328P-AU,C14877
U201,SOT-23-5,1,XC6220B331MR-G,C86534
U301,QFN-28-1EP_5x5mm_P0.5mm_EP3.35x3.35mm,1,CP2102-GMR,C6568
Y101,Crystal_SMD_3225-4Pin_3.2x2.5mm,1,16MHz,C13738
